 itr,            f,    df_abs[%],    df_rel[%],      norm_df,    step_size,               time_stamp
   1,  1.25325E+07,  0.00000E+00,  0.00000E+00,  9.46091E+05,  2.00000E-01, Tue Mar  3 18:30:49 2020
   2,  1.25325E+07,  0.00000E+00,  0.00000E+00,  9.52323E+05,  2.00000E-01, Tue Mar  3 18:30:50 2020
