 itr,            f,    df_abs[%],    df_rel[%],      norm_df,    step_size,               time_stamp
   1,  1.25325E+07,  0.00000E+00,  0.00000E+00,  9.46091E+05,  2.00000E-01, Mon Mar  2 18:48:57 2020
   2,  2.13376E+03, -9.99830E+01, -9.99830E+01,  6.60925E+03,  2.00000E-01, Mon Mar  2 18:48:59 2020
   3,  1.02167E+02, -9.99992E+01, -1.62105E-02,  5.89774E+02,  2.00000E-01, Mon Mar  2 18:49:00 2020
