 itr,            f,    df_abs[%],    df_rel[%],      norm_df,    step_size,               time_stamp
   1,  1.25325E+07,  0.00000E+00,  0.00000E+00,  9.46091E+05,  2.00000E-01, Thu Mar  5 13:49:39 2020
   2,  1.75948E+05, -9.85961E+01, -9.85961E+01,  4.11360E+04,  2.00000E-01, Thu Mar  5 13:49:42 2020
   3,  7.82215E+04, -9.93759E+01, -7.79780E-01,  2.38991E+04,  2.00000E-01, Thu Mar  5 13:49:43 2020
