 itr,            f,    df_abs[%],    df_rel[%],      norm_df,    step_size,               time_stamp
   1,  1.67100E+07,  0.00000E+00,  0.00000E+00,  2.77238E+02,  2.00000E-01, Sat Mar 14 13:24:02 2020
   2,  1.67359E+04, -9.98998E+01, -9.98998E+01,  5.95505E+01,  2.00000E-01, Sat Mar 14 13:24:03 2020
