 itr,            f,    df_abs[%],    df_rel[%],      norm_df,    step_size,               time_stamp
   1,  3.66122E+06,  0.00000E+00,  0.00000E+00,  1.00535E+06,  2.00000E-01, Thu Mar  5 13:28:36 2020
   2,  1.72358E+04, -9.95292E+01, -9.95292E+01,  1.90300E+04,  2.00000E-01, Thu Mar  5 13:28:37 2020
   3,  1.17693E+04, -9.96785E+01, -1.49309E-01,  1.53686E+04,  2.00000E-01, Thu Mar  5 13:28:38 2020
